taxon,shannon_diversity,sample_id
AZC3J_1,2.480921186013224,J
AZC3J_6,2.4843338313696846,J
AZC3J_9,2.16423876523749,J
AZC3J_18,2.056443112980364,J
AZC3J_20,2.5264722265047164,J
AZC3J_21,2.511578985606295,J
AZC3J_25,1.3384203194227866,J
AZC3J_26,2.376254251530044,J
AZC3J_28,2.0240019551955237,J
AZC3J_32,2.243953019318285,J
AZC3J_34,2.18150168455049,J
AZC3J_45,2.540699639821417,J
AZC3J_49,1.8386755819358314,J
AZC3J_55,2.1914057570144694,J
AZC3J_56,2.2693018443172703,J
AZC3J_57,2.319434008823226,J
AZC3J_59,2.4752325041818786,J
AZC3J_61,2.4589546496374792,J
AZC3J_64,1.9211889374187985,J
AZC3J_71,2.1486379849669115,J
AZC3J_73,2.4798520473410615,J
AZC3J_74,2.1606130062009745,J
AZC3J_77,2.20796899000384,J
AZC3J_79,2.4227806890210433,J
AZC3J_81,2.4354314142158504,J
AZC3J_82,1.7739159673132152,J
AZC3J_87,2.3610507791649615,J
AZC3J_88,2.4980208573801743,J
AZC3J_91,2.4259520890981205,J
AZC3J_95,2.4017956321734326,J
AZC3J_99,2.435372026928145,J
AZC5T_21,2.353965742213997,J
AZC5T_22,2.0284467582104164,J
AZC5T_64,2.064445084039655,J
AZC5T_69,2.0292341986549243,J
AZC5T_85,2.4011635185058666,J
AZC5T_87,3.0039602902697577,J
AZC5T_98,2.355582612693139,J
AZC5T_106,2.4010130599964956,J
AZC5T_115,1.9833350831794874,J
AZC7E_4,2.164949500357411,J
AZC7E_16,2.356829790184823,J
AZC7E_25,2.1564388931316234,J
AZC7E_29,2.0397292416676422,J
AZC7E_34,2.386914538989833,J
AZC7E_45,1.9398024332487243,J
AZC7E_47,2.2925654347525963,J
AZC7E_54,2.4991381413558904,J
AZC7E_60,2.3265575378868784,J
AZC7E_69,1.9213322853495884,J
AZC7E_70,2.1699532558889976,J
AZC7E_72,1.9500164782434268,J
AZC7E_74,2.151339557628945,J
AZC7E_116,2.210140815126734,J
AZC9C_6,2.5172140634277285,J
AZC9C_7,2.1565489736160717,J
AZC9C_25,2.4191533107047123,J
AZC9C_30,2.508587715070955,J
AZC9C_34,2.0993127601716983,J
AZC9C_60,2.403765851409001,J
AZC9C_68,2.297199887692055,J
AZC9C_69,2.7185392059906364,J
AZC9C_80,2.4013648083257033,J
AZC9C_81,2.1912849150872686,J
AZC9C_91,2.2453889903560142,J
AZC9C_96,2.3087697556608378,J
AZC9C_98,2.278775227139607,J
AZC9C_108,2.351886347058405,J
AZC9C_110,2.399167434070847,J
AZC9C_115,2.3212937628604804,J
AZC3J_1,2.559587973086927,T
AZC3J_2,2.4047370201055354,T
AZC3J_6,2.5857740798296254,T
AZC3J_10,2.2966285717868997,T
AZC3J_18,2.182606341868634,T
AZC3J_26,2.3119080308914532,T
AZC3J_34,2.0431464031666158,T
AZC3J_45,2.514487507970777,T
AZC3J_62,2.4451385690196012,T
AZC3J_63,2.0363423655367243,T
AZC3J_70,2.1566189246209797,T
AZC3J_71,2.3164908990476416,T
AZC3J_81,2.0717571302447073,T
AZC3J_92,1.9325398598169574,T
AZC3J_95,2.121248679456762,T
AZC3J_99,2.3289082684209026,T
AZC5T_1,2.4326045323007546,T
AZC5T_4,2.1878304204931207,T
AZC5T_12,2.155189837473926,T
AZC5T_24,2.4649358463015956,T
AZC5T_30,2.1687877895185754,T
AZC5T_34,2.319757893185688,T
AZC5T_47,2.084439792119735,T
AZC5T_49,2.290186216388718,T
AZC5T_51,2.4193773868481925,T
AZC5T_53,2.28484279757949,T
AZC5T_58,2.498305892450742,T
AZC5T_61,2.49335929000377,T
AZC5T_63,2.2743893294256434,T
AZC5T_64,2.182243697770706,T
AZC5T_65,2.4837758193635064,T
AZC5T_66,2.313184092955755,T
AZC5T_71,2.5265304949136658,T
AZC5T_79,2.032591952053316,T
AZC5T_80,1.9980772503980122,T
AZC5T_85,2.3359963115073583,T
AZC5T_90,2.291216587149557,T
AZC5T_93,2.121980674371653,T
AZC5T_99,2.240609687533447,T
AZC5T_104,1.930647999721579,T
AZC5T_111,2.164834137303991,T
AZC5T_115,2.045681771527618,T
AZC5T_119,2.4212913721153697,T
AZC7E_22,2.319787062776245,T
AZC7E_29,2.1073908425561294,T
AZC7E_45,1.77682313545801,T
AZC7E_47,2.230175907594818,T
AZC7E_52,2.319784352596016,T
AZC7E_55,2.4762989894484884,T
AZC7E_57,2.048469086598349,T
AZC7E_69,1.4136187955925283,T
AZC7E_71,2.2010736515085547,T
AZC7E_72,2.0556879119062637,T
AZC7E_73,2.147685512010658,T
AZC7E_81,2.141057347619922,T
AZC7E_90,2.4181571501993693,T
AZC7E_96,2.310356325503383,T
AZC7E_111,2.2886184270849323,T
AZC7E_114,2.2819912767711705,T
AZC7E_117,2.266378341393626,T
AZC9C_18,2.0090951492103764,T
AZC9C_34,1.8856975010150236,T
AZC9C_58,2.341594423111362,T
AZC9C_60,2.2114521205754913,T
AZC9C_71,2.236465130525323,T
AZC9C_75,2.1941431695361437,T
AZC9C_86,2.0478462678058773,T
AZC9C_93,2.386424238516555,T
AZC9C_98,2.233422745107518,T
AZC3J_3,2.634864444638827,C
AZC3J_18,1.9102824116726902,C
AZC3J_28,2.324725427822819,C
AZC3J_34,2.096754847506587,C
AZC3J_55,2.3234034231102,C
AZC3J_64,2.0774130182200636,C
AZC3J_73,2.645752295352481,C
AZC3J_74,2.101487172828942,C
AZC3J_76,2.0554220981574622,C
AZC3J_79,2.7297689929897544,C
AZC3J_81,2.5026653165483035,C
AZC3J_87,2.3144635128179423,C
AZC3J_91,2.6202645476571247,C
AZC3J_99,2.4382509162225174,C
AZC5T_8,2.143131982096458,C
AZC5T_14,2.5382158696058186,C
AZC5T_19,1.8748086851214898,C
AZC5T_22,2.324802019560469,C
AZC5T_30,2.6170660200246494,C
AZC5T_37,2.1877189115465328,C
AZC5T_38,2.3050503592134834,C
AZC5T_44,2.58551469789736,C
AZC5T_57,2.4596931107828097,C
AZC5T_64,2.134394169602623,C
AZC5T_66,2.2839111432994703,C
AZC5T_68,2.45461439002658,C
AZC5T_69,2.0569719639102644,C
AZC5T_78,2.3859872905938926,C
AZC5T_80,2.26748542477062,C
AZC5T_85,2.139000663369595,C
AZC5T_87,2.742567831782484,C
AZC5T_93,1.9059564101514272,C
AZC5T_94,1.9026356540898801,C
AZC5T_97,1.9604712735480327,C
AZC5T_98,2.302370585336126,C
AZC5T_104,2.001097235986168,C
AZC5T_107,2.0509388611871797,C
AZC5T_109,2.1476430640294604,C
AZC5T_119,2.62956684343412,C
AZC5T_120,2.2685392250227747,C
AZC5T_122,2.584495127884149,C
AZC7E_12,2.0835909640359667,C
AZC7E_15,2.1840503228410304,C
AZC7E_16,2.3235562426374683,C
AZC7E_25,2.149016335970143,C
AZC7E_29,2.119534987775408,C
AZC7E_39,1.86004097169183,C
AZC7E_45,1.768934164525426,C
AZC7E_51,2.5349964833383263,C
AZC7E_54,2.211575030605063,C
AZC7E_57,2.0847304758289296,C
AZC7E_59,2.582435124316923,C
AZC7E_60,2.1586784770828293,C
AZC7E_61,2.0535460799333505,C
AZC7E_64,2.2831212523069166,C
AZC7E_69,2.242311529273336,C
AZC7E_70,2.177585450179159,C
AZC7E_73,2.0617859428441703,C
AZC7E_77,2.225989368935334,C
AZC7E_82,2.2583357510074276,C
AZC7E_89,2.2618644967273154,C
AZC7E_96,2.279159941210686,C
AZC7E_109,2.2877259327253903,C
AZC7E_114,2.3384976577523275,C
AZC9C_6,1.9409409523710313,C
AZC9C_7,2.1532611255822447,C
AZC9C_18,1.962672996397321,C
AZC9C_29,1.808607240359639,C
AZC9C_32,2.1338577872687985,C
AZC9C_40,2.322995408591539,C
AZC9C_53,1.3544334102723665,C
AZC9C_54,1.8751048155943137,C
AZC9C_61,2.2933434740829868,C
AZC9C_68,2.3771858323457176,C
AZC9C_71,1.9224781217129012,C
AZC9C_75,1.9219161930891424,C
AZC9C_86,2.0595777226491925,C
AZC9C_93,2.4380365928564256,C
AZC9C_95,2.1822081778165687,C
AZC9C_96,2.5183378193336248,C
AZC9C_98,2.2259886699799507,C
AZC9C_106,1.995029589901816,C
AZC9C_112,2.1413061579574904,C
AZC9C_113,2.4768495934907566,C
AZC9C_116,2.398421388095026,C
AZC3J_21,2.508554426001524,E
AZC3J_32,2.1613389600623503,E
AZC3J_34,2.410118755596323,E
AZC3J_43,2.538012061255199,E
AZC3J_55,2.3564871389344666,E
AZC3J_58,1.97822140591808,E
AZC3J_74,2.064971672089542,E
AZC3J_76,2.4377558591392763,E
AZC3J_79,2.9194859687865664,E
AZC3J_81,2.434309785245812,E
AZC3J_88,2.5339395599232164,E
AZC3J_90,2.6192681659361243,E
AZC3J_91,2.696105619503292,E
AZC5T_8,2.2351050865919877,E
AZC5T_9,2.6109245055208277,E
AZC5T_21,2.5056708570199673,E
AZC5T_32,2.6651751785555344,E
AZC5T_34,2.2538010937063344,E
AZC5T_39,2.3720582498610714,E
AZC5T_41,2.630739563998974,E
AZC5T_51,2.649457026079986,E
AZC5T_66,2.4140611861044947,E
AZC5T_68,2.75103713389223,E
AZC5T_69,2.259838962613011,E
AZC5T_78,2.3839809582028826,E
AZC5T_85,2.205193391035558,E
AZC5T_93,2.243835493506991,E
AZC5T_94,2.4238415103800977,E
AZC5T_97,2.49471365465146,E
AZC5T_104,1.886662048115795,E
AZC5T_106,2.2435416023459247,E
AZC5T_107,2.4256263397119766,E
AZC5T_108,2.646262321316297,E
AZC5T_109,1.9770820108231688,E
AZC5T_120,2.1412649496359526,E
AZC7E_2,2.1547085087314994,E
AZC7E_3,1.9949548688941585,E
AZC7E_4,2.2434863913358654,E
AZC7E_12,1.925134092136172,E
AZC7E_13,2.4224823808668443,E
AZC7E_15,2.376632202348116,E
AZC7E_17,2.2112036178033687,E
AZC7E_23,2.0827003885925826,E
AZC7E_24,2.2404652627501513,E
AZC7E_25,2.0817858859774483,E
AZC7E_26,2.5758810059409023,E
AZC7E_32,2.270750243551639,E
AZC7E_34,2.51068196143993,E
AZC7E_36,2.1679447716818734,E
AZC7E_37,2.0645892891019018,E
AZC7E_38,1.9561361490769826,E
AZC7E_39,2.0544000954987514,E
AZC7E_42,1.9409485719907682,E
AZC7E_48,2.130523712286138,E
AZC7E_54,2.5514295307166273,E
AZC7E_55,2.5680525785086745,E
AZC7E_58,2.5544223041164504,E
AZC7E_60,2.1633450829934393,E
AZC7E_61,2.4069964964654007,E
AZC7E_62,2.169664134478764,E
AZC7E_68,2.26895843452866,E
AZC7E_70,1.9755056517312457,E
AZC7E_71,2.22599562516284,E
AZC7E_72,2.2057704627424615,E
AZC7E_73,1.9882950138063928,E
AZC7E_76,2.5254184469474805,E
AZC7E_77,2.597464529521798,E
AZC7E_79,2.16927820238036,E
AZC7E_80,1.7219410751196247,E
AZC7E_81,2.1614591117222646,E
AZC7E_84,2.2114907272918476,E
AZC7E_87,2.1356911385686526,E
AZC7E_88,2.226901330401629,E
AZC7E_89,2.1133272460004164,E
AZC7E_90,2.425559285238396,E
AZC7E_91,2.5283476908383173,E
AZC7E_93,2.3546533217156655,E
AZC7E_94,2.4258602584058586,E
AZC7E_95,2.0326850399238072,E
AZC7E_96,2.1165250738458696,E
AZC7E_97,2.214633108313568,E
AZC7E_101,2.6697199610648576,E
AZC7E_104,2.182984975785015,E
AZC7E_105,1.7140095498832972,E
AZC7E_106,2.0310281903359044,E
AZC7E_109,2.554684605504751,E
AZC7E_111,2.561861584380848,E
AZC7E_113,1.950456824394419,E
AZC7E_115,2.1308535620706763,E
AZC7E_116,2.2570372219396506,E
AZC9C_6,1.9871939479277902,E
AZC9C_7,1.9639291744224785,E
AZC9C_14,1.6791647403861285,E
AZC9C_25,2.4274232057603946,E
AZC9C_27,2.5826799156959988,E
AZC9C_29,2.09409486011986,E
AZC9C_34,2.092967573124122,E
AZC9C_40,2.2257417314348262,E
AZC9C_57,2.372213076995923,E
AZC9C_68,1.983644097877235,E
AZC9C_71,2.1218506327080577,E
AZC9C_88,2.164947711737482,E
AZC9C_93,2.3563767031265037,E
AZC9C_98,2.1795942151730747,E
AZC9C_102,2.4099400627008665,E
AZC9C_106,1.984003068789437,E
AZC9C_113,2.5227664807480696,E
AZC9C_116,2.3744821000604674,E
