taxon,distance,sample_id,abundance,growth_rate,degree centrality,shannon_diversity
AZC3J_1,0.6541028155314939,J,0.0046830639244406,0.03044663154566,4.242857142857143,2.480921186013224
AZC3J_6,2.222291546875461,J,0.013828775346385,0.0900373442014348,4.885714285714285,2.4843338313696846
AZC3J_9,0.3120388765957217,J,0.0018762068357346,0.0121867513633788,1.9,2.16423876523749
AZC3J_18,10.127774690367108,J,0.2445726729506633,1.5883904846347,23.0,2.056443112980364
AZC3J_20,0.572174770528276,J,0.0048370001120218,0.0314353519742451,3.0142857142857142,2.5264722265047164
AZC3J_21,0.46024808237279063,J,0.0045589023260151,0.0296475986936991,3.1285714285714286,2.511578985606295
AZC3J_25,2.935799558279791,J,0.0064534652806392,0.0423693760435135,5.157142857142857,1.3384203194227866
AZC3J_26,0.21639341347313473,J,0.0019770382862332,0.0128431161235517,3.4428571428571426,2.376254251530044
AZC3J_28,1.3744242412310552,J,0.008678070128343,0.056390951875832,2.4428571428571426,2.0240019551955237
AZC3J_32,0.325239768817002,J,0.0028876005526529,0.0187931841061012,4.0,2.243953019318285
AZC3J_34,5.059116567197048,J,0.0290542993403444,0.1887540592446776,5.128571428571428,2.18150168455049
AZC3J_45,0.475369420737524,J,0.0036211617640686,0.0235813349708684,2.9285714285714284,2.540699639821417
AZC3J_49,2.691767295931917,J,0.0080067332539199,0.0520056129545356,7.014285714285714,1.8386755819358314
AZC3J_55,5.963584398722952,J,0.0229322947036231,0.1489335493864451,5.042857142857143,2.1914057570144694
AZC3J_56,0.6066852689407657,J,0.0051937539995952,0.0338100364053114,2.0285714285714285,2.2693018443172703
AZC3J_57,0.33520926996964484,J,0.003820451260157,0.0248232923850551,3.5428571428571427,2.319434008823226
AZC3J_59,0.8734055680941968,J,0.0055729169087347,0.0362417808268849,3.0142857142857142,2.4752325041818786
AZC3J_61,0.2196222319879768,J,0.0023841899826055,0.0154914151992259,3.1285714285714286,2.4589546496374792
AZC3J_64,1.9228130939878891,J,0.009275371208338,0.0602470350628385,2.957142857142857,1.9211889374187985
AZC3J_71,0.25906954216532385,J,0.0023099379590766,0.0150072530809931,2.414285714285714,2.1486379849669115
AZC3J_73,0.23123536761435695,J,0.0017777182364701,0.0115563605578296,1.8142857142857143,2.4798520473410615
AZC3J_74,9.79448298712742,J,0.0996181146741947,0.64697209753372,13.385714285714286,2.1606130062009745
AZC3J_77,0.23410940777956077,J,0.0021497607359105,0.0139764459667118,3.7857142857142856,2.20796899000384
AZC3J_79,5.226263740675552,J,0.0172732783451568,0.1121808794955837,3.8,2.4227806890210433
AZC3J_81,0.21547668127256142,J,0.0020966001983794,0.013632199366913,1.8,2.4354314142158504
AZC3J_82,3.5871327952762853,J,0.0272427500115794,0.1769280158372953,3.642857142857143,1.7739159673132152
AZC3J_87,9.130935858853224,J,0.0597122248268124,0.3878295531101702,9.485714285714286,2.3610507791649615
AZC3J_88,0.8648299254830809,J,0.0055586882284076,0.0362039442055538,2.8857142857142857,2.4980208573801743
AZC3J_91,0.22916355133903155,J,0.0023651305459774,0.0153694672301454,2.0142857142857142,2.4259520890981205
AZC3J_95,0.26015505048555404,J,0.0025490778295388,0.0165794623808602,2.2714285714285714,2.4017956321734326
AZC3J_99,1.0868869615181367,J,0.005908526079651,0.0385039104114148,3.1857142857142855,2.435372026928145
AZC5T_1,2.5061479983163335,T,0.0136016520710189,0.1111084990638898,2.449275362318841,2.4326045323007546
AZC5T_4,1.1467651703450354,T,0.0063407365721941,0.0517384498899834,3.1594202898550723,2.1878304204931207
AZC5T_12,3.124674206937811,T,0.0176342829241223,0.1439332834809824,3.101449275362319,2.155189837473926
AZC5T_24,0.24389933560910668,T,0.0023010955651904,0.01877956004472,3.1739130434782608,2.4649358463015956
AZC5T_30,1.971854803305548,T,0.0125497934882017,0.1024110465857075,3.63768115942029,2.1687877895185754
AZC5T_34,1.9399574517277085,T,0.0136013285428993,0.1110522958754306,4.0,2.319757893185688
AZC5T_47,1.8890196921585605,T,0.0115962701862511,0.0946528939033855,4.0144927536231885,2.084439792119735
AZC5T_49,2.508450103683,T,0.0175095402442795,0.1428882123949144,3.6666666666666665,2.290186216388718
AZC5T_51,0.33442024622544625,T,0.003831279979654,0.0312578408788286,4.159420289855072,2.4193773868481925
AZC5T_53,2.4095857542899046,T,0.0165502145532305,0.1350982863365882,3.5942028985507246,2.28484279757949
AZC5T_58,4.507076728168035,T,0.024610666552275,0.2007885269581545,10.521739130434783,2.498305892450742
AZC5T_61,0.6403565571942686,T,0.0042617538351883,0.0347942853846956,2.9855072463768115,2.49335929000377
AZC5T_63,0.5317374542450058,T,0.0043214760770485,0.0352935467333528,1.9565217391304348,2.2743893294256434
AZC5T_64,2.6417116114543773,T,0.0149821749627123,0.122231977869779,4.608695652173913,2.182243697770706
AZC5T_65,1.611470245604547,T,0.0079294290789891,0.0647009693556304,3.971014492753623,2.4837758193635064
AZC5T_66,1.1228532698164688,T,0.0067317858272343,0.0549279415876139,3.347826086956522,2.313184092955755
AZC5T_71,0.21724602640831053,T,0.0020303063715534,0.0165728802102221,2.1449275362318843,2.5265304949136658
AZC5T_79,0.39616112711390244,T,0.0034283973433663,0.027989530298427,2.63768115942029,2.032591952053316
AZC5T_80,6.874905250803742,T,0.069458870174259,0.5666196949150857,7.173913043478261,1.9980772503980122
AZC5T_85,0.7248973128268926,T,0.0050362235307904,0.041100187845886,2.782608695652174,2.3359963115073583
AZC5T_90,0.19937035821816823,T,0.0021301667181743,0.0173909058220145,1.3623188405797102,2.291216587149557
AZC5T_93,10.32946796261756,T,0.2162228275436018,1.7638748593491091,24.492753623188406,2.121980674371653
AZC5T_99,0.7174008088846306,T,0.0053792110014293,0.043900328019955,2.782608695652174,2.240609687533447
AZC5T_104,0.4480600079797855,T,0.003058440654401,0.0249562055854147,3.347826086956522,1.930647999721579
AZC5T_111,0.5052745860432721,T,0.0033823453260096,0.0275951468542021,3.3333333333333335,2.164834137303991
AZC5T_115,1.2628378522252044,T,0.006749091699078,0.0550835072155781,1.9420289855072463,2.045681771527618
AZC5T_119,0.9676716112672782,T,0.0037113373885337,0.0302825911053987,4.188405797101449,2.4212913721153697
AZC9C_6,9.783451044294855,C,0.1202793004631136,1.4315844145376864,22.31764705882353,1.9409409523710313
AZC9C_7,0.805846070221965,C,0.0045602503858491,0.0543016084879822,5.623529411764705,2.1532611255822447
AZC9C_18,4.1702981572142255,C,0.0095422087678279,0.1136379502881328,7.8,1.962672996397321
AZC9C_29,0.43473586024631256,C,0.002682315985718,0.032009351581306,6.6,1.808607240359639
AZC9C_32,1.0518561460505418,C,0.0059456083544066,0.0708085273332854,6.541176470588235,2.1338577872687985
AZC9C_40,0.4485207970242099,C,0.0024193872402568,0.0288111528171744,4.105882352941176,2.322995408591539
AZC9C_53,0.8824267510123278,C,0.0057854223545661,0.0688582426643314,7.517647058823529,1.3544334102723665
AZC9C_54,2.247686314320635,C,0.0120157093973092,0.1430122782409675,6.352941176470588,1.8751048155943137
AZC9C_61,0.3578706573268141,C,0.0035510589285009,0.042268769230069,4.388235294117647,2.2933434740829868
AZC9C_68,0.3687939690737504,C,0.0026426377812857,0.0314603769586507,5.023529411764706,2.3771858323457176
AZC9C_71,3.9184261083970626,C,0.0210917363635559,0.2510367054864726,9.058823529411764,1.9224781217129012
AZC9C_75,4.967824375943701,C,0.043501291526981,0.5177591600647072,13.376470588235295,1.9219161930891424
AZC9C_86,0.33338180296870074,C,0.0027118824909287,0.0330366282808833,3.0823529411764707,2.0595777226491925
AZC9C_93,0.2913222158730445,C,0.0026354268966303,0.0313736242866832,4.317647058823529,2.4380365928564256
AZC9C_95,2.5872572106072163,C,0.0115575682082521,0.1377232216529943,6.447058823529412,2.1822081778165687
AZC9C_96,0.3962927049226543,C,0.003345970587083,0.0398271783973657,4.741176470588235,2.5183378193336248
AZC9C_98,0.3339112330986045,C,0.0023670101506892,0.0281797542831394,3.564705882352941,2.2259886699799507
AZC9C_106,1.0739146773603605,C,0.005193442613795,0.0618266561277291,5.258823529411765,1.995029589901816
AZC9C_112,0.5556498148774863,C,0.0057198832400047,0.0680957835201957,6.788235294117647,2.1413061579574904
AZC9C_113,1.4438849162560392,C,0.0058758620369046,0.0699460787740648,7.705882352941177,2.4768495934907566
AZC9C_116,2.0033839938027365,C,0.005020696185705,0.0597709354327614,7.576470588235294,2.398421388095026
AZC7E_2,8.022611988417129,E,0.025744672399965,0.4289838432209717,6.194444444444444,2.1547085087314994
AZC7E_3,4.776699138913207,E,0.0298738174446604,0.4977880570421147,11.166666666666666,1.9949548688941585
AZC7E_4,1.1064968444479988,E,0.0045006305324264,0.0750336035206209,3.7407407407407405,2.2434863913358654
AZC7E_12,6.482043697289993,E,0.0254212370007129,0.4235944722742012,9.657407407407407,1.925134092136172
AZC7E_13,0.5491108775309665,E,0.0027475855550516,0.0458122996365769,2.638888888888889,2.4224823808668443
AZC7E_15,12.532452679661585,E,0.1031221512688575,1.71834295266486,35.78703703703704,2.376632202348116
AZC7E_17,1.0375447364070147,E,0.0041574442118621,0.0693175662580526,3.3425925925925926,2.2112036178033687
AZC7E_23,2.3011253012426125,E,0.0105524485506972,0.1758712529623203,4.555555555555555,2.0827003885925826
AZC7E_24,0.6448894744212585,E,0.0046124887354691,0.0768778654457761,3.8148148148148144,2.2404652627501513
AZC7E_25,5.384078062348705,E,0.0217467548913058,0.362366389510283,6.981481481481481,2.0817858859774483
AZC7E_26,0.8673356259157063,E,0.0041657722742695,0.0694200434541975,4.138888888888888,2.5758810059409023
AZC7E_32,2.4736421861749336,E,0.0087014793749495,0.1449922948527731,6.768518518518518,2.270750243551639
AZC7E_34,0.2041484654429521,E,0.0017052479138262,0.0284217310624898,2.6666666666666665,2.51068196143993
AZC7E_36,1.7922244897195287,E,0.006737381991062,0.1123508675141086,3.768518518518518,2.1679447716818734
AZC7E_37,3.7505370054702967,E,0.0148833321695871,0.248007800463884,5.3240740740740735,2.0645892891019018
AZC7E_38,5.793134218102837,E,0.0350116845744616,0.583400597637901,12.009259259259258,1.9561361490769826
AZC7E_39,1.2957950786982464,E,0.0065274490345098,0.1088195468666425,3.185185185185185,2.0544000954987514
AZC7E_42,7.403069992533224,E,0.0299714919236656,0.4994155897171983,9.222222222222221,1.9409485719907682
AZC7E_48,1.0946669664142372,E,0.0068839525631243,0.1148294657401381,3.768518518518518,2.130523712286138
AZC7E_54,9.269900184287598,E,0.0440735545684886,0.7343989994074108,23.777777777777775,2.5514295307166273
AZC7E_55,0.48705701000280976,E,0.0026086988480419,0.0434713399334719,3.8611111111111107,2.5680525785086745
AZC7E_58,1.296802252184372,E,0.0065605744574035,0.1094330638193284,5.083333333333333,2.5544223041164504
AZC7E_60,1.7496742891153043,E,0.0057564062256764,0.0959734082901091,3.4814814814814814,2.1633450829934393
AZC7E_61,0.8859776866189385,E,0.0043018872382115,0.0717053019264365,3.75,2.4069964964654007
AZC7E_62,0.6836147279069342,E,0.0049754037625642,0.0829149956060247,3.2962962962962963,2.169664134478764
AZC7E_68,3.385894740880198,E,0.014687863729039,0.2447624289361488,8.175925925925926,2.26895843452866
AZC7E_70,7.752370611087242,E,0.0340274649593241,0.5670004833172912,9.833333333333332,1.9755056517312457
AZC7E_71,0.5701080347607794,E,0.002483740024102,0.0414107637740399,2.7314814814814814,2.22599562516284
AZC7E_72,0.41601578767540887,E,0.0018612507083423,0.0310224571328552,2.3703703703703702,2.2057704627424615
AZC7E_73,6.328540016624656,E,0.0278213896327301,0.4635883376802349,9.25,1.9882950138063928
AZC7E_76,0.386482928036624,E,0.0021352171861297,0.0355842233756104,5.0,2.5254184469474805
AZC7E_77,0.2585775630548621,E,0.0023202985297154,0.038669074380303,2.259259259259259,2.597464529521798
AZC7E_79,2.0789590215936693,E,0.007883932550062,0.1314314375136288,4.759259259259259,2.16927820238036
AZC7E_80,2.619255137342327,E,0.0075213096082856,0.1253407157029497,6.537037037037036,1.7219410751196247
AZC7E_81,1.3783421135298903,E,0.0048091381220417,0.0801672503281006,3.333333333333333,2.1614591117222646
AZC7E_84,0.8112414180867467,E,0.0033545536859474,0.0559279947407596,2.9166666666666665,2.2114907272918476
AZC7E_87,0.989536395975494,E,0.0064124769788218,0.1069648395616576,3.212962962962963,2.1356911385686526
AZC7E_88,0.5422091748607808,E,0.0023849813974205,0.0397648376428072,2.7314814814814814,2.226901330401629
AZC7E_89,3.7877544426920466,E,0.0191716605216966,0.3194641439897918,7.675925925925926,2.1133272460004164
AZC7E_90,0.692450433507527,E,0.0035609123438559,0.0593642375350229,3.435185185185185,2.425559285238396
AZC7E_91,0.8369373488875939,E,0.0040952808201699,0.0682477649149256,4.861111111111111,2.5283476908383173
AZC7E_93,0.8089849678345082,E,0.0040610593133262,0.0676834167271062,6.981481481481481,2.3546533217156655
AZC7E_94,0.45448931092280065,E,0.0024368879627294,0.0406282360642693,3.212962962962963,2.4258602584058586
AZC7E_95,0.6041026243964646,E,0.0035885882038814,0.0602184408822662,5.037037037037036,2.0326850399238072
AZC7E_96,1.20612345374984,E,0.0062598122520257,0.1043120333578191,4.768518518518518,2.1165250738458696
AZC7E_97,1.0578473478407693,E,0.006598484631754,0.1099728814402688,5.37962962962963,2.214633108313568
AZC7E_101,1.1450994578704545,E,0.0053951371170019,0.089905527904458,6.685185185185185,2.6697199610648576
AZC7E_104,3.3893006591778403,E,0.011328522284205,0.1887677666037702,6.666666666666666,2.182984975785015
AZC7E_105,2.945946405961947,E,0.0083148229596742,0.1385610969540264,5.907407407407407,1.7140095498832972
AZC7E_106,3.4588535692136007,E,0.0067137192415435,0.1121885091675858,5.944444444444444,2.0310281903359044
AZC7E_109,1.286139512613359,E,0.0065062324835672,0.1085077743058636,5.296296296296296,2.554684605504751
AZC7E_111,1.4770708679424727,E,0.0074519125594554,0.1242833153233258,5.75,2.561861584380848
AZC7E_113,12.128212507679214,E,0.0927208063473177,1.5450105269022874,8.203703703703702,1.950456824394419
AZC7E_115,0.4351667197227894,E,0.0025500016136578,0.0427845960786494,3.0648148148148144,2.1308535620706763
AZC7E_116,0.5633767521892538,E,0.0022548461075645,0.0375789520706775,3.648148148148148,2.2570372219396506
